[{"model": "aerolinea.pais", "pk": 1, "fields": {"nombre": "Colombia"}}, {"model": "aerolinea.departamento", "pk": 1, "fields": {"pais": 1, "nombre": "Amazonas"}}, {"model": "aerolinea.departamento", "pk": 2, "fields": {"pais": 1, "nombre": "Antioquia"}}, {"model": "aerolinea.departamento", "pk": 3, "fields": {"pais": 1, "nombre": "Arauca"}}, {"model": "aerolinea.departamento", "pk": 4, "fields": {"pais": 1, "nombre": "Atlßntico"}}, {"model": "aerolinea.departamento", "pk": 5, "fields": {"pais": 1, "nombre": "BolÝvar"}}, {"model": "aerolinea.departamento", "pk": 6, "fields": {"pais": 1, "nombre": "Boyacß"}}, {"model": "aerolinea.departamento", "pk": 7, "fields": {"pais": 1, "nombre": "Caldas"}}, {"model": "aerolinea.departamento", "pk": 8, "fields": {"pais": 1, "nombre": "Caquetß"}}, {"model": "aerolinea.departamento", "pk": 9, "fields": {"pais": 1, "nombre": "Casanare"}}, {"model": "aerolinea.departamento", "pk": 10, "fields": {"pais": 1, "nombre": "Cauca"}}, {"model": "aerolinea.departamento", "pk": 11, "fields": {"pais": 1, "nombre": "Cesar"}}, {"model": "aerolinea.departamento", "pk": 12, "fields": {"pais": 1, "nombre": "Choc¾"}}, {"model": "aerolinea.departamento", "pk": 13, "fields": {"pais": 1, "nombre": "C¾rdoba"}}, {"model": "aerolinea.departamento", "pk": 14, "fields": {"pais": 1, "nombre": "Cundinamarca"}}, {"model": "aerolinea.departamento", "pk": 15, "fields": {"pais": 1, "nombre": "GuainÝa"}}, {"model": "aerolinea.departamento", "pk": 16, "fields": {"pais": 1, "nombre": "Guaviare"}}, {"model": "aerolinea.departamento", "pk": 17, "fields": {"pais": 1, "nombre": "Huila"}}, {"model": "aerolinea.departamento", "pk": 18, "fields": {"pais": 1, "nombre": "La Guajira"}}, {"model": "aerolinea.departamento", "pk": 19, "fields": {"pais": 1, "nombre": "Magdalena"}}, {"model": "aerolinea.departamento", "pk": 20, "fields": {"pais": 1, "nombre": "Meta"}}, {"model": "aerolinea.departamento", "pk": 21, "fields": {"pais": 1, "nombre": "Nari±o"}}, {"model": "aerolinea.departamento", "pk": 22, "fields": {"pais": 1, "nombre": "Norte de Santander"}}, {"model": "aerolinea.departamento", "pk": 23, "fields": {"pais": 1, "nombre": "Putumayo"}}, {"model": "aerolinea.departamento", "pk": 24, "fields": {"pais": 1, "nombre": "QuindÝo"}}, {"model": "aerolinea.departamento", "pk": 25, "fields": {"pais": 1, "nombre": "Risaralda"}}, {"model": "aerolinea.departamento", "pk": 26, "fields": {"pais": 1, "nombre": "San AndrÚs y Providencia"}}, {"model": "aerolinea.departamento", "pk": 27, "fields": {"pais": 1, "nombre": "Santander"}}, {"model": "aerolinea.departamento", "pk": 28, "fields": {"pais": 1, "nombre": "Sucre"}}, {"model": "aerolinea.departamento", "pk": 29, "fields": {"pais": 1, "nombre": "Tolima"}}, {"model": "aerolinea.departamento", "pk": 30, "fields": {"pais": 1, "nombre": "Valle del Cauca"}}, {"model": "aerolinea.departamento", "pk": 31, "fields": {"pais": 1, "nombre": "VaupÚs"}}, {"model": "aerolinea.departamento", "pk": 32, "fields": {"pais": 1, "nombre": "Vichada"}}, {"model": "aerolinea.municipio", "pk": 1, "fields": {"departamento": 1, "nombre": "Leticia"}}, {"model": "aerolinea.municipio", "pk": 2, "fields": {"departamento": 2, "nombre": "MedellÝn"}}, {"model": "aerolinea.municipio", "pk": 3, "fields": {"departamento": 2, "nombre": "Bello"}}, {"model": "aerolinea.municipio", "pk": 4, "fields": {"departamento": 2, "nombre": "Apartad¾"}}, {"model": "aerolinea.municipio", "pk": 5, "fields": {"departamento": 3, "nombre": "Arauca"}}, {"model": "aerolinea.municipio", "pk": 6, "fields": {"departamento": 4, "nombre": "Barranquilla"}}, {"model": "aerolinea.municipio", "pk": 7, "fields": {"departamento": 4, "nombre": "Soledad"}}, {"model": "aerolinea.municipio", "pk": 8, "fields": {"departamento": 5, "nombre": "Cartagena"}}, {"model": "aerolinea.municipio", "pk": 9, "fields": {"departamento": 5, "nombre": "MaganguÚ"}}, {"model": "aerolinea.municipio", "pk": 10, "fields": {"departamento": 6, "nombre": "Tunja"}}, {"model": "aerolinea.municipio", "pk": 11, "fields": {"departamento": 6, "nombre": "Duitama"}}, {"model": "aerolinea.municipio", "pk": 12, "fields": {"departamento": 7, "nombre": "Manizales"}}, {"model": "aerolinea.municipio", "pk": 13, "fields": {"departamento": 8, "nombre": "Florencia"}}, {"model": "aerolinea.municipio", "pk": 14, "fields": {"departamento": 9, "nombre": "Yopal"}}, {"model": "aerolinea.municipio", "pk": 15, "fields": {"departamento": 10, "nombre": "Popayßn"}}, {"model": "aerolinea.municipio", "pk": 16, "fields": {"departamento": 11, "nombre": "Valledupar"}}, {"model": "aerolinea.municipio", "pk": 17, "fields": {"departamento": 12, "nombre": "Quibd¾"}}, {"model": "aerolinea.municipio", "pk": 18, "fields": {"departamento": 13, "nombre": "MonterÝa"}}, {"model": "aerolinea.municipio", "pk": 19, "fields": {"departamento": 14, "nombre": "Bogotß"}}, {"model": "aerolinea.municipio", "pk": 20, "fields": {"departamento": 15, "nombre": "InÝrida"}}, {"model": "aerolinea.municipio", "pk": 21, "fields": {"departamento": 16, "nombre": "San JosÚ del Guaviare"}}, {"model": "aerolinea.municipio", "pk": 22, "fields": {"departamento": 17, "nombre": "Neiva"}}, {"model": "aerolinea.municipio", "pk": 23, "fields": {"departamento": 18, "nombre": "Riohacha"}}, {"model": "aerolinea.municipio", "pk": 24, "fields": {"departamento": 19, "nombre": "Santa Marta"}}, {"model": "aerolinea.municipio", "pk": 25, "fields": {"departamento": 20, "nombre": "Villavicencio"}}, {"model": "aerolinea.municipio", "pk": 26, "fields": {"departamento": 21, "nombre": "Pasto"}}, {"model": "aerolinea.municipio", "pk": 27, "fields": {"departamento": 22, "nombre": "C·cuta"}}, {"model": "aerolinea.municipio", "pk": 28, "fields": {"departamento": 23, "nombre": "Mocoa"}}, {"model": "aerolinea.municipio", "pk": 29, "fields": {"departamento": 24, "nombre": "Armenia"}}, {"model": "aerolinea.municipio", "pk": 30, "fields": {"departamento": 25, "nombre": "Pereira"}}, {"model": "aerolinea.municipio", "pk": 31, "fields": {"departamento": 26, "nombre": "San AndrÚs"}}, {"model": "aerolinea.municipio", "pk": 32, "fields": {"departamento": 27, "nombre": "Bucaramanga"}}, {"model": "aerolinea.municipio", "pk": 33, "fields": {"departamento": 28, "nombre": "Sincelejo"}}, {"model": "aerolinea.municipio", "pk": 34, "fields": {"departamento": 29, "nombre": "IbaguÚ"}}, {"model": "aerolinea.municipio", "pk": 35, "fields": {"departamento": 30, "nombre": "Cali"}}, {"model": "aerolinea.municipio", "pk": 36, "fields": {"departamento": 31, "nombre": "Mit·"}}, {"model": "aerolinea.municipio", "pk": 37, "fields": {"departamento": 32, "nombre": "Puerto Carre±o"}}, {"model": "aerolinea.capital", "pk": 1, "fields": {"nombre": "ARAUCA", "lat": 7.0847, "lon": -70.7591}}, {"model": "aerolinea.capital", "pk": 2, "fields": {"nombre": "ARMENIA", "lat": 4.5339, "lon": -75.6811}}, {"model": "aerolinea.capital", "pk": 3, "fields": {"nombre": "BARRANQUILLA", "lat": 10.9685, "lon": -74.7813}}, {"model": "aerolinea.capital", "pk": 4, "fields": {"nombre": "BOGOTA", "lat": 4.711, "lon": -74.0721}}, {"model": "aerolinea.capital", "pk": 5, "fields": {"nombre": "BUCARAMANGA", "lat": 7.1193, "lon": -73.1227}}, {"model": "aerolinea.capital", "pk": 6, "fields": {"nombre": "CALI", "lat": 3.4516, "lon": -76.5319}}, {"model": "aerolinea.capital", "pk": 7, "fields": {"nombre": "CARTAGENA", "lat": 10.391, "lon": -75.4794}}, {"model": "aerolinea.capital", "pk": 8, "fields": {"nombre": "CUCUTA", "lat": 7.8939, "lon": -72.5078}}, {"model": "aerolinea.capital", "pk": 9, "fields": {"nombre": "FLORENCIA", "lat": 1.6144, "lon": -75.6062}}, {"model": "aerolinea.capital", "pk": 10, "fields": {"nombre": "IBAGUE", "lat": 4.4389, "lon": -75.2322}}, {"model": "aerolinea.capital", "pk": 11, "fields": {"nombre": "INIRIDA", "lat": 3.8653, "lon": -67.9239}}, {"model": "aerolinea.capital", "pk": 12, "fields": {"nombre": "LETICIA", "lat": -4.2153, "lon": -69.9406}}, {"model": "aerolinea.capital", "pk": 13, "fields": {"nombre": "MANIZALES", "lat": 5.0703, "lon": -75.5138}}, {"model": "aerolinea.capital", "pk": 14, "fields": {"nombre": "MEDELLIN", "lat": 6.2442, "lon": -75.5812}}, {"model": "aerolinea.capital", "pk": 15, "fields": {"nombre": "MITU", "lat": 1.1983, "lon": -70.1733}}, {"model": "aerolinea.capital", "pk": 16, "fields": {"nombre": "MOCOA", "lat": 1.1498, "lon": -76.6463}}, {"model": "aerolinea.capital", "pk": 17, "fields": {"nombre": "MONTERIA", "lat": 8.748, "lon": -75.8814}}, {"model": "aerolinea.capital", "pk": 18, "fields": {"nombre": "NEIVA", "lat": 2.9273, "lon": -75.2819}}, {"model": "aerolinea.capital", "pk": 19, "fields": {"nombre": "PASTO", "lat": 1.2136, "lon": -77.2811}}, {"model": "aerolinea.capital", "pk": 20, "fields": {"nombre": "PEREIRA", "lat": 4.8143, "lon": -75.6946}}, {"model": "aerolinea.capital", "pk": 21, "fields": {"nombre": "POPAYAN", "lat": 2.4437, "lon": -76.6147}}, {"model": "aerolinea.capital", "pk": 22, "fields": {"nombre": "PUERTO_CARREÐO", "lat": 6.187, "lon": -67.4859}}, {"model": "aerolinea.capital", "pk": 23, "fields": {"nombre": "QUIBDO", "lat": 5.6947, "lon": -76.6612}}, {"model": "aerolinea.capital", "pk": 24, "fields": {"nombre": "RIOHACHA", "lat": 11.5444, "lon": -72.9073}}, {"model": "aerolinea.capital", "pk": 25, "fields": {"nombre": "SAN_ANDRES", "lat": 12.5847, "lon": -81.7006}}, {"model": "aerolinea.capital", "pk": 26, "fields": {"nombre": "SAN_JOSE_DEL_GUAVIARE", "lat": 2.5658, "lon": -72.6396}}, {"model": "aerolinea.capital", "pk": 27, "fields": {"nombre": "SANTA_MARTA", "lat": 11.2408, "lon": -74.199}}, {"model": "aerolinea.capital", "pk": 28, "fields": {"nombre": "SINCELEJO", "lat": 9.3047, "lon": -75.3978}}, {"model": "aerolinea.capital", "pk": 29, "fields": {"nombre": "TUNJA", "lat": 5.5353, "lon": -73.3678}}, {"model": "aerolinea.capital", "pk": 30, "fields": {"nombre": "VALLEDUPAR", "lat": 10.4631, "lon": -73.2532}}, {"model": "aerolinea.capital", "pk": 31, "fields": {"nombre": "VILLAVICENCIO", "lat": 4.142, "lon": -73.6266}}, {"model": "aerolinea.capital", "pk": 32, "fields": {"nombre": "YOPAL", "lat": 5.3378, "lon": -72.3959}}, {"model": "aerolinea.capital", "pk": 33, "fields": {"nombre": "MADRID", "lat": 40.4168, "lon": -3.7038}}, {"model": "aerolinea.capital", "pk": 34, "fields": {"nombre": "LONDRES", "lat": 51.5074, "lon": -0.1278}}, {"model": "aerolinea.capital", "pk": 35, "fields": {"nombre": "NUEVA_YORK", "lat": 40.7128, "lon": -74.006}}, {"model": "aerolinea.capital", "pk": 36, "fields": {"nombre": "BUENOS_AIRES", "lat": -34.6037, "lon": -58.3816}}, {"model": "aerolinea.capital", "pk": 37, "fields": {"nombre": "MIAMI", "lat": 25.7617, "lon": -80.1918}}, {"model": "aerolinea.rol", "pk": 1, "fields": {"nombre": "Cliente"}}, {"model": "aerolinea.rol", "pk": 2, "fields": {"nombre": "Root"}}, {"model": "aerolinea.rol", "pk": 3, "fields": {"nombre": "Administrador"}}, {"model": "aerolinea.usuario", "pk": 1, "fields": {"user": ["karencita22"], "rol": 1, "email": "karencarcas@gmail.com", "nombres": "Karen Manuela", "apellidos": "Cardona Casta±o", "direccion_facturacion": "JardÝn II etapa Mz 10 Casa 15", "fecha_nacimiento": "2002-09-22", "pais": 1, "departamento": 25, "municipio": 30, "dni": "1004778917", "genero": "F", "imagen_usuario": "", "es_admin": false, "es_root": false, "registro_completo": false, "suscrito_noticias": true}}, {"model": "aerolinea.usuario", "pk": 2, "fields": {"user": ["jhoncito08"], "rol": 1, "email": "jhoncito@gmail.com", "nombres": "Jhon Alexander", "apellidos": "Cardona Rodas", "direccion_facturacion": "Avenida Sim¾n Bolivar", "fecha_nacimiento": "1971-08-19", "pais": 1, "departamento": 25, "municipio": 30, "dni": "10141297", "genero": "M", "imagen_usuario": "", "es_admin": false, "es_root": false, "registro_completo": false, "suscrito_noticias": false}}, {"model": "aerolinea.usuario", "pk": 3, "fields": {"user": ["root"], "rol": 2, "email": "root@condorairways.com", "nombres": "Root", "apellidos": "System", "direccion_facturacion": "Sistema Central", "fecha_nacimiento": "2000-01-01", "pais": null, "departamento": null, "municipio": null, "dni": "0000000000", "genero": "O", "imagen_usuario": "", "es_admin": true, "es_root": true, "registro_completo": false, "suscrito_noticias": false}}, {"model": "aerolinea.usuario", "pk": 5, "fields": {"user": ["Laura"], "rol": 3, "email": "laurita@gmail.com", "nombres": "Laura Ximena", "apellidos": "Bohorquez", "direccion_facturacion": "Avenida Nari±o", "fecha_nacimiento": "1987-03-14", "pais": 1, "departamento": 29, "municipio": 34, "dni": "10334582", "genero": "F", "imagen_usuario": "", "es_admin": true, "es_root": false, "registro_completo": true, "suscrito_noticias": false}}, {"model": "aerolinea.usuario", "pk": 7, "fields": {"user": ["Manu123"], "rol": 3, "email": "manuelita@gmail.com", "nombres": "Manuela", "apellidos": "Cßrdenas", "direccion_facturacion": "Calle 15 #5-89", "fecha_nacimiento": "1980-05-27", "pais": 1, "departamento": 2, "municipio": 4, "dni": "45762987", "genero": "F", "imagen_usuario": "", "es_admin": true, "es_root": false, "registro_completo": true, "suscrito_noticias": false}}, {"model": "aerolinea.usuario", "pk": 9, "fields": {"user": ["Juan88"], "rol": 3, "email": "juanito@gmail.com", "nombres": "Juan Camilo", "apellidos": "RÝos Osorio", "direccion_facturacion": "Avenida Boyacß", "fecha_nacimiento": "2000-09-30", "pais": 1, "departamento": 6, "municipio": 10, "dni": "10460967", "genero": "M", "imagen_usuario": "", "es_admin": true, "es_root": false, "registro_completo": true, "suscrito_noticias": false}}, {"model": "aerolinea.usuario", "pk": 10, "fields": {"user": ["Nico22"], "rol": 3, "email": "nicolas22@gmail.com", "nombres": "Pendiente", "apellidos": "Pendiente", "direccion_facturacion": "Sin definir", "fecha_nacimiento": "2000-01-01", "pais": null, "departamento": null, "municipio": null, "dni": "TEMP12", "genero": "O", "imagen_usuario": "", "es_admin": true, "es_root": false, "registro_completo": false, "suscrito_noticias": false}}, {"model": "aerolinea.usuario", "pk": 11, "fields": {"user": ["Daniela_08"], "rol": 1, "email": "daniela.diaz@utp.edu.co", "nombres": "Daniela", "apellidos": "Diaz Rios", "direccion_facturacion": "Av sur", "fecha_nacimiento": "1993-08-31", "pais": 1, "departamento": 29, "municipio": 34, "dni": "1109297977", "genero": "M", "imagen_usuario": "", "es_admin": false, "es_root": false, "registro_completo": false, "suscrito_noticias": false}}, {"model": "aerolinea.usuario", "pk": 12, "fields": {"user": ["Jero30"], "rol": 1, "email": "jero0330@gmail.com", "nombres": "Jeronimo", "apellidos": "Duran", "direccion_facturacion": "av 5", "fecha_nacimiento": "2000-03-30", "pais": 1, "departamento": 25, "municipio": 30, "dni": "1001234", "genero": "M", "imagen_usuario": "", "es_admin": false, "es_root": false, "registro_completo": false, "suscrito_noticias": false}}, {"model": "aerolinea.usuario", "pk": 13, "fields": {"user": ["Tina23"], "rol": 1, "email": "martinard23@gmail.com", "nombres": "Martina", "apellidos": "Ramirez Diaz", "direccion_facturacion": "Av sur 53 20", "fecha_nacimiento": "2000-02-23", "pais": 1, "departamento": 25, "municipio": 30, "dni": "1225016", "genero": "F", "imagen_usuario": "", "es_admin": false, "es_root": false, "registro_completo": false, "suscrito_noticias": false}}, {"model": "aerolinea.usuario", "pk": 14, "fields": {"user": ["18angelik"], "rol": 1, "email": "18angelik@hotmail.com", "nombres": "Angelica", "apellidos": "Barrera Rios", "direccion_facturacion": "Av 8 44 26", "fecha_nacimiento": "1990-05-22", "pais": 1, "departamento": 29, "municipio": 34, "dni": "1109295123", "genero": "F", "imagen_usuario": "", "es_admin": false, "es_root": false, "registro_completo": false, "suscrito_noticias": false}}, {"model": "aerolinea.usuario", "pk": 15, "fields": {"user": ["Salo12"], "rol": 1, "email": "salo12@gmail.com", "nombres": "Salome", "apellidos": "Diaz Valencia", "direccion_facturacion": "calle 7 7 66", "fecha_nacimiento": "2000-09-12", "pais": 1, "departamento": 29, "municipio": 34, "dni": "1224301123", "genero": "F", "imagen_usuario": "", "es_admin": false, "es_root": false, "registro_completo": false, "suscrito_noticias": false}}, {"model": "aerolinea.vuelo", "pk": 1, "fields": {"codigo": "VN0001", "origen": "ARMENIA", "destino": "IBAGUE", "estado": "finalizado", "fecha_salida": "2025-10-20", "hora_salida": "08:00:00", "fecha_llegada": "2025-10-20", "hora_llegada": "08:29:00", "tiempo_vuelo": "00:00:29", "capacidad": 150, "precio": "300000.00", "tipo": "NACIONAL", "imagen": "", "promocion_activa": false, "descuento_porcentaje": 0}}, {"model": "aerolinea.vuelo", "pk": 2, "fields": {"codigo": "VN0002", "origen": "CALI", "destino": "CARTAGENA", "estado": "finalizado", "fecha_salida": "2025-10-24", "hora_salida": "06:50:00", "fecha_llegada": "2025-10-24", "hora_llegada": "08:20:00", "tiempo_vuelo": "01:30:00", "capacidad": 150, "precio": "300000.00", "tipo": "NACIONAL", "imagen": "", "promocion_activa": false, "descuento_porcentaje": 0}}, {"model": "aerolinea.vuelo", "pk": 3, "fields": {"codigo": "VN0003", "origen": "MEDELLIN", "destino": "FLORENCIA", "estado": "finalizado", "fecha_salida": "2025-10-31", "hora_salida": "10:00:00", "fecha_llegada": "2025-10-31", "hora_llegada": "11:30:00", "tiempo_vuelo": "01:30:00", "capacidad": 150, "precio": "310000.00", "tipo": "NACIONAL", "imagen": "", "promocion_activa": false, "descuento_porcentaje": 0}}, {"model": "aerolinea.vuelo", "pk": 4, "fields": {"codigo": "VI0001", "origen": "PEREIRA", "destino": "LONDRES", "estado": "finalizado", "fecha_salida": "2025-12-12", "hora_salida": "08:00:00", "fecha_llegada": "2025-12-12", "hora_llegada": "16:00:00", "tiempo_vuelo": "10:30:00", "capacidad": 250, "precio": "1200000.00", "tipo": "INTERNACIONAL", "imagen": "vuelos/Londres.jpeg", "promocion_activa": false, "descuento_porcentaje": 0}}, {"model": "aerolinea.vuelo", "pk": 5, "fields": {"codigo": "VI0002", "origen": "MEDELLIN", "destino": "BUENOS_AIRES", "estado": "cancelado", "fecha_salida": "2025-11-30", "hora_salida": "10:00:00", "fecha_llegada": "2025-11-30", "hora_llegada": "18:00:00", "tiempo_vuelo": "08:00:00", "capacidad": 250, "precio": "1500000.00", "tipo": "INTERNACIONAL", "imagen": "vuelos/29581ba3c89a845.jfif", "promocion_activa": false, "descuento_porcentaje": 0}}, {"model": "aerolinea.vuelo", "pk": 7, "fields": {"codigo": "VN0004", "origen": "MANIZALES", "destino": "RIOHACHA", "estado": "finalizado", "fecha_salida": "2025-11-29", "hora_salida": "08:30:00", "fecha_llegada": "2025-11-29", "hora_llegada": "10:00:00", "tiempo_vuelo": "01:30:00", "capacidad": 150, "precio": "350000.00", "tipo": "NACIONAL", "imagen": "vuelos/Guajira.jpeg", "promocion_activa": false, "descuento_porcentaje": 0}}, {"model": "aerolinea.vuelo", "pk": 8, "fields": {"codigo": "VI0003", "origen": "PEREIRA", "destino": "MADRID", "estado": "finalizado", "fecha_salida": "2025-11-05", "hora_salida": "11:50:00", "fecha_llegada": "2025-11-05", "hora_llegada": "19:50:00", "tiempo_vuelo": "08:00:00", "capacidad": 250, "precio": "4434.00", "tipo": "INTERNACIONAL", "imagen": "", "promocion_activa": false, "descuento_porcentaje": 0}}, {"model": "aerolinea.vuelo", "pk": 9, "fields": {"codigo": "VN0005", "origen": "BOGOTA", "destino": "CARTAGENA", "estado": "finalizado", "fecha_salida": "2025-12-05", "hora_salida": "09:00:00", "fecha_llegada": "2025-12-05", "hora_llegada": "09:48:00", "tiempo_vuelo": null, "capacidad": 150, "precio": "180000.00", "tipo": "NACIONAL", "imagen": "vuelos/Cartagena.jpg", "promocion_activa": false, "descuento_porcentaje": 0}}, {"model": "aerolinea.vuelo", "pk": 10, "fields": {"codigo": "VI0004", "origen": "MEDELLIN", "destino": "MIAMI", "estado": "cancelado", "fecha_salida": "2025-12-23", "hora_salida": "14:00:00", "fecha_llegada": "2025-12-24", "hora_llegada": "00:00:00", "tiempo_vuelo": null, "capacidad": 250, "precio": "3200000.00", "tipo": "INTERNACIONAL", "imagen": "vuelos/Miami_f4lGxCw.jpg", "promocion_activa": false, "descuento_porcentaje": 0}}, {"model": "aerolinea.vuelo", "pk": 11, "fields": {"codigo": "VN0006", "origen": "PEREIRA", "destino": "RIOHACHA", "estado": "activo", "fecha_salida": "2026-01-05", "hora_salida": "10:00:00", "fecha_llegada": "2026-01-05", "hora_llegada": "11:00:00", "tiempo_vuelo": "01:00:39.249156", "capacidad": 150, "precio": "220000.00", "tipo": "NACIONAL", "imagen": "vuelos/Guajira_KffkcoA.jpeg", "promocion_activa": false, "descuento_porcentaje": 0}}, {"model": "aerolinea.vuelo", "pk": 12, "fields": {"codigo": "VI0005", "origen": "MEDELLIN", "destino": "MADRID", "estado": "activo", "fecha_salida": "2025-12-31", "hora_salida": "20:30:00", "fecha_llegada": "2026-01-01", "hora_llegada": "05:25:00", "tiempo_vuelo": "08:55:06.778746", "capacidad": 250, "precio": "4200000.00", "tipo": "INTERNACIONAL", "imagen": "vuelos/Madrid.jpg", "promocion_activa": false, "descuento_porcentaje": 0}}, {"model": "aerolinea.reserva", "pk": 2, "fields": {"usuario": 1, "vuelo": 5, "vuelo_regreso": null, "tipo_trayecto": "ida", "clase": "economica", "num_tiquetes": 1, "codigo_reserva": "RES-GV7801", "asiento_asignado": "24F", "check_in_realizado": false, "fecha_reserva": "2025-10-29T01:46:06.038Z", "reserved_until": null, "estado": "cancelada", "incluye_maleta": false}}, {"model": "aerolinea.reserva", "pk": 3, "fields": {"usuario": 11, "vuelo": 3, "vuelo_regreso": null, "tipo_trayecto": "ida", "clase": "economica", "num_tiquetes": 10, "codigo_reserva": "RES-FP4698", "asiento_asignado": "20B", "check_in_realizado": false, "fecha_reserva": "2025-10-30T03:26:16.676Z", "reserved_until": null, "estado": "activa", "incluye_maleta": false}}, {"model": "aerolinea.reserva", "pk": 4, "fields": {"usuario": 11, "vuelo": 2, "vuelo_regreso": null, "tipo_trayecto": "ida", "clase": "economica", "num_tiquetes": 2, "codigo_reserva": "RES-EZ1958", "asiento_asignado": "7D", "check_in_realizado": false, "fecha_reserva": "2025-10-30T19:48:58.782Z", "reserved_until": "2025-10-31T19:48:58.782Z", "estado": "expirada", "incluye_maleta": false}}, {"model": "aerolinea.reserva", "pk": 5, "fields": {"usuario": 11, "vuelo": 5, "vuelo_regreso": null, "tipo_trayecto": "ida", "clase": "economica", "num_tiquetes": 1, "codigo_reserva": "RES-FO4732", "asiento_asignado": "23A", "check_in_realizado": false, "fecha_reserva": "2025-10-30T20:27:40.028Z", "reserved_until": "2025-10-31T20:27:40.028Z", "estado": "finalizada", "incluye_maleta": false}}, {"model": "aerolinea.reserva", "pk": 6, "fields": {"usuario": 11, "vuelo": 5, "vuelo_regreso": null, "tipo_trayecto": "ida", "clase": "primera", "num_tiquetes": 2, "codigo_reserva": "RES-DE4836", "asiento_asignado": "5D", "check_in_realizado": false, "fecha_reserva": "2025-10-30T20:39:50.978Z", "reserved_until": "2025-10-31T20:39:50.978Z", "estado": "expirada", "incluye_maleta": false}}, {"model": "aerolinea.reserva", "pk": 7, "fields": {"usuario": 11, "vuelo": 5, "vuelo_regreso": null, "tipo_trayecto": "ida", "clase": "economica", "num_tiquetes": 1, "codigo_reserva": "RES-UI0832", "asiento_asignado": "30D", "check_in_realizado": false, "fecha_reserva": "2025-10-30T21:51:10.743Z", "reserved_until": "2025-10-31T21:51:10.726Z", "estado": "expirada", "incluye_maleta": false}}, {"model": "aerolinea.reserva", "pk": 8, "fields": {"usuario": 11, "vuelo": 5, "vuelo_regreso": null, "tipo_trayecto": "ida", "clase": "economica", "num_tiquetes": 1, "codigo_reserva": "RES-AW7947", "asiento_asignado": "14F", "check_in_realizado": false, "fecha_reserva": "2025-10-30T22:07:57.465Z", "reserved_until": "2025-10-31T22:07:57.465Z", "estado": "expirada", "incluye_maleta": false}}, {"model": "aerolinea.reserva", "pk": 9, "fields": {"usuario": 11, "vuelo": 4, "vuelo_regreso": null, "tipo_trayecto": "ida", "clase": "economica", "num_tiquetes": 1, "codigo_reserva": "RES-GH3506", "asiento_asignado": "11C", "check_in_realizado": false, "fecha_reserva": "2025-10-30T23:54:37.306Z", "reserved_until": "2025-10-31T23:54:37.306Z", "estado": "cancelada", "incluye_maleta": false}}, {"model": "aerolinea.reserva", "pk": 10, "fields": {"usuario": 11, "vuelo": 4, "vuelo_regreso": null, "tipo_trayecto": "ida", "clase": "economica", "num_tiquetes": 1, "codigo_reserva": "RES-TU1105", "asiento_asignado": "27C", "check_in_realizado": false, "fecha_reserva": "2025-10-31T00:02:34.610Z", "reserved_until": "2025-11-01T00:02:34.602Z", "estado": "cancelada", "incluye_maleta": false}}, {"model": "aerolinea.reserva", "pk": 11, "fields": {"usuario": 11, "vuelo": 7, "vuelo_regreso": null, "tipo_trayecto": "ida", "clase": "economica", "num_tiquetes": 1, "codigo_reserva": "RES-NP4775", "asiento_asignado": "5B", "check_in_realizado": false, "fecha_reserva": "2025-11-05T13:00:16.274Z", "reserved_until": "2025-11-06T13:00:16.274Z", "estado": "cancelada", "incluye_maleta": false}}, {"model": "aerolinea.reserva", "pk": 14, "fields": {"usuario": 11, "vuelo": 5, "vuelo_regreso": null, "tipo_trayecto": "ida", "clase": "economica", "num_tiquetes": 1, "codigo_reserva": "RES-QI1076", "asiento_asignado": "6C", "check_in_realizado": false, "fecha_reserva": "2025-11-05T16:13:21.474Z", "reserved_until": "2025-11-06T16:13:21.474Z", "estado": "cancelada", "incluye_maleta": false}}, {"model": "aerolinea.reserva", "pk": 15, "fields": {"usuario": 1, "vuelo": 5, "vuelo_regreso": null, "tipo_trayecto": "ida", "clase": "economica", "num_tiquetes": 1, "codigo_reserva": "RES-GB6812", "asiento_asignado": "23A", "check_in_realizado": false, "fecha_reserva": "2025-11-05T16:50:30.756Z", "reserved_until": "2025-11-06T16:50:30.756Z", "estado": "cancelada", "incluye_maleta": false}}, {"model": "aerolinea.reserva", "pk": 16, "fields": {"usuario": 1, "vuelo": 9, "vuelo_regreso": null, "tipo_trayecto": "ida", "clase": "economica", "num_tiquetes": 1, "codigo_reserva": "RES-OZ7581", "asiento_asignado": "9C", "check_in_realizado": true, "fecha_reserva": "2025-11-28T14:34:13.392Z", "reserved_until": "2025-11-29T14:34:13.390Z", "estado": "confirmada", "incluye_maleta": false}}, {"model": "aerolinea.reserva", "pk": 17, "fields": {"usuario": 1, "vuelo": 7, "vuelo_regreso": null, "tipo_trayecto": "ida", "clase": "economica", "num_tiquetes": 1, "codigo_reserva": "RES-TS3697", "asiento_asignado": "3A", "check_in_realizado": false, "fecha_reserva": "2025-11-28T14:38:18.467Z", "reserved_until": "2025-11-29T14:38:18.467Z", "estado": "confirmada", "incluye_maleta": false}}, {"model": "aerolinea.reservapasajero", "pk": 1, "fields": {"reserva": 4, "documento": "1109295085", "nombres": "Alejandro", "apellidos": "Diaz", "fecha_nacimiento": "1900-06-29", "genero": "M", "telefono": "3024390549", "correo": "alejo24@gmail.com", "contacto_nombre": "Maria Rios", "contacto_telefono": "3024390549", "asiento": null, "check_in_realizado": false, "asiento_cambiado": false}}, {"model": "aerolinea.reservapasajero", "pk": 2, "fields": {"reserva": 5, "documento": "1109295085", "nombres": "Alejandro", "apellidos": "Diaz Rios", "fecha_nacimiento": "1900-06-23", "genero": "M", "telefono": "3024390549", "correo": "alejo24@gmail.com", "contacto_nombre": "Mila Rios", "contacto_telefono": "3222184254", "asiento": null, "check_in_realizado": false, "asiento_cambiado": false}}, {"model": "aerolinea.reservapasajero", "pk": 3, "fields": {"reserva": 7, "documento": "1109295085", "nombres": "Alejandro", "apellidos": "Diaz Rios", "fecha_nacimiento": "1900-06-27", "genero": "M", "telefono": "3024390549", "correo": "alejo24@gmail.com", "contacto_nombre": "Mila Rios", "contacto_telefono": "3222184254", "asiento": null, "check_in_realizado": false, "asiento_cambiado": false}}, {"model": "aerolinea.reservapasajero", "pk": 4, "fields": {"reserva": 8, "documento": "1109295085", "nombres": "Alejandro", "apellidos": "Diaz Rios", "fecha_nacimiento": "1900-06-23", "genero": "M", "telefono": "3024390549", "correo": "alejo24@gmail.com", "contacto_nombre": "Mila Rios", "contacto_telefono": "3222184254", "asiento": null, "check_in_realizado": false, "asiento_cambiado": false}}, {"model": "aerolinea.reservapasajero", "pk": 5, "fields": {"reserva": 9, "documento": "1109297977", "nombres": "Daniela", "apellidos": "Diaz Rios", "fecha_nacimiento": "1800-08-31", "genero": "F", "telefono": "3024390549", "correo": "daniela.diaz@utp.edu.co", "contacto_nombre": "Mila Rios", "contacto_telefono": "3222184254", "asiento": null, "check_in_realizado": false, "asiento_cambiado": false}}, {"model": "aerolinea.reservapasajero", "pk": 6, "fields": {"reserva": 10, "documento": "1109297977", "nombres": "Daniela", "apellidos": "Diaz Rios", "fecha_nacimiento": "1900-09-30", "genero": "F", "telefono": "3024390549", "correo": "daniela.diaz@utp.edu.co", "contacto_nombre": "Mila Rios", "contacto_telefono": "3222184254", "asiento": null, "check_in_realizado": false, "asiento_cambiado": false}}, {"model": "aerolinea.reservapasajero", "pk": 7, "fields": {"reserva": 11, "documento": "1109295085", "nombres": "Alejandro", "apellidos": "Diaz Rios", "fecha_nacimiento": "1990-02-23", "genero": "M", "telefono": "3024390549", "correo": "alejo24@gmail.com", "contacto_nombre": "Mila Rios", "contacto_telefono": "3222184254", "asiento": null, "check_in_realizado": false, "asiento_cambiado": false}}, {"model": "aerolinea.reservapasajero", "pk": 8, "fields": {"reserva": 14, "documento": "1109297977", "nombres": "Daniela", "apellidos": "Diaz Rios", "fecha_nacimiento": "1993-08-31", "genero": "F", "telefono": "3024390549", "correo": "daniela.diaz@utp.edu.co", "contacto_nombre": "Mila Rios", "contacto_telefono": "3222184254", "asiento": "6C", "check_in_realizado": false, "asiento_cambiado": false}}, {"model": "aerolinea.reservapasajero", "pk": 9, "fields": {"reserva": 15, "documento": "1109295085", "nombres": "Alejandro", "apellidos": "Diaz Rios", "fecha_nacimiento": "1993-12-12", "genero": "M", "telefono": "3024390549", "correo": "alejo24@gmail.com", "contacto_nombre": "Daniela Diaz", "contacto_telefono": "3222184254", "asiento": "23A", "check_in_realizado": false, "asiento_cambiado": false}}, {"model": "aerolinea.reservapasajero", "pk": 10, "fields": {"reserva": 16, "documento": "1004778917", "nombres": "Karen Manuela", "apellidos": "Cardona Casta±o", "fecha_nacimiento": "2002-09-22", "genero": "F", "telefono": "3144710870", "correo": "karencarcas@gmail.com", "contacto_nombre": "Karen Cardona", "contacto_telefono": "3144710870", "asiento": "9C", "check_in_realizado": true, "asiento_cambiado": false}}, {"model": "aerolinea.reservapasajero", "pk": 11, "fields": {"reserva": 17, "documento": "1109297977", "nombres": "Daniela", "apellidos": "Diaz Rios", "fecha_nacimiento": "1993-08-31", "genero": "F", "telefono": "3144710870", "correo": "daniela.diaz@utp.edu.co", "contacto_nombre": "Karen Cardona", "contacto_telefono": "3222184254", "asiento": "11A", "check_in_realizado": false, "asiento_cambiado": true}}, {"model": "aerolinea.compra", "pk": 5, "fields": {"usuario": 1, "vuelo": 5, "codigo_reserva": "R-20251029014631-935", "metodo_pago": "Tarjeta CrÚdito", "estado": "reembolsada", "monto_base": "0.00", "recargo_clase": "0.00", "costo_maleta": "0.00", "monto_total": "0.00", "reserva": null, "fecha_compra": "2025-10-29T01:46:31.150Z", "vuelo_regreso": null, "tipo_trayecto": "ida", "creado": "2025-11-28T01:44:36.747Z"}}, {"model": "aerolinea.compra", "pk": 6, "fields": {"usuario": 1, "vuelo": 5, "codigo_reserva": "R-20251029165250-542", "metodo_pago": "Tarjeta CrÚdito", "estado": "reembolsada", "monto_base": "0.00", "recargo_clase": "0.00", "costo_maleta": "0.00", "monto_total": "0.00", "reserva": null, "fecha_compra": "2025-10-29T16:52:50.888Z", "vuelo_regreso": null, "tipo_trayecto": "ida", "creado": "2025-11-28T01:44:36.747Z"}}, {"model": "aerolinea.compra", "pk": 7, "fields": {"usuario": 1, "vuelo": 5, "codigo_reserva": "R-20251029165252-819", "metodo_pago": "Tarjeta CrÚdito", "estado": "reembolsada", "monto_base": "0.00", "recargo_clase": "0.00", "costo_maleta": "0.00", "monto_total": "0.00", "reserva": null, "fecha_compra": "2025-10-29T16:52:52.818Z", "vuelo_regreso": null, "tipo_trayecto": "ida", "creado": "2025-11-28T01:44:36.747Z"}}, {"model": "aerolinea.compra", "pk": 8, "fields": {"usuario": 11, "vuelo": 5, "codigo_reserva": "R-20251105161402-440", "metodo_pago": "Tarjeta CrÚdito", "estado": "reembolsada", "monto_base": "0.00", "recargo_clase": "0.00", "costo_maleta": "0.00", "monto_total": "1500000.00", "reserva": null, "fecha_compra": "2025-11-05T16:14:02.851Z", "vuelo_regreso": null, "tipo_trayecto": "ida", "creado": "2025-11-28T01:44:36.747Z"}}, {"model": "aerolinea.compra", "pk": 9, "fields": {"usuario": 1, "vuelo": 5, "codigo_reserva": "R-20251105165049-696", "metodo_pago": "Tarjeta CrÚdito", "estado": "reembolsada", "monto_base": "0.00", "recargo_clase": "0.00", "costo_maleta": "0.00", "monto_total": "1500000.00", "reserva": null, "fecha_compra": "2025-11-05T16:50:49.578Z", "vuelo_regreso": null, "tipo_trayecto": "ida", "creado": "2025-11-28T01:44:36.747Z"}}, {"model": "aerolinea.compra", "pk": 10, "fields": {"usuario": 1, "vuelo": 5, "codigo_reserva": "R-20251105165051-271", "metodo_pago": "Tarjeta CrÚdito", "estado": "reembolsada", "monto_base": "0.00", "recargo_clase": "0.00", "costo_maleta": "0.00", "monto_total": "1500000.00", "reserva": null, "fecha_compra": "2025-11-05T16:50:51.546Z", "vuelo_regreso": null, "tipo_trayecto": "ida", "creado": "2025-11-28T01:44:36.747Z"}}, {"model": "aerolinea.compra", "pk": 11, "fields": {"usuario": 1, "vuelo": 9, "codigo_reserva": "R-20251128143514-996", "metodo_pago": "Tarjeta CrÚdito", "estado": "activa", "monto_base": "180000.00", "recargo_clase": "0.00", "costo_maleta": "0.00", "monto_total": "180000.00", "reserva": 16, "fecha_compra": "2025-11-28T14:35:14.419Z", "vuelo_regreso": null, "tipo_trayecto": "ida", "creado": "2025-11-28T14:35:14.419Z"}}, {"model": "aerolinea.compra", "pk": 12, "fields": {"usuario": 1, "vuelo": 9, "codigo_reserva": "R-20251128143517-571", "metodo_pago": "Tarjeta CrÚdito", "estado": "activa", "monto_base": "180000.00", "recargo_clase": "0.00", "costo_maleta": "0.00", "monto_total": "180000.00", "reserva": 16, "fecha_compra": "2025-11-28T14:35:17.460Z", "vuelo_regreso": null, "tipo_trayecto": "ida", "creado": "2025-11-28T14:35:17.460Z"}}, {"model": "aerolinea.compra", "pk": 13, "fields": {"usuario": 1, "vuelo": 9, "codigo_reserva": "R-20251128143518-478", "metodo_pago": "Tarjeta CrÚdito", "estado": "activa", "monto_base": "180000.00", "recargo_clase": "0.00", "costo_maleta": "0.00", "monto_total": "180000.00", "reserva": 16, "fecha_compra": "2025-11-28T14:35:18.086Z", "vuelo_regreso": null, "tipo_trayecto": "ida", "creado": "2025-11-28T14:35:18.086Z"}}, {"model": "aerolinea.compra", "pk": 14, "fields": {"usuario": 1, "vuelo": 9, "codigo_reserva": "R-20251128143518-977", "metodo_pago": "Tarjeta CrÚdito", "estado": "checkin", "monto_base": "180000.00", "recargo_clase": "0.00", "costo_maleta": "50000.00", "monto_total": "230000.00", "reserva": 16, "fecha_compra": "2025-11-28T14:35:18.802Z", "vuelo_regreso": null, "tipo_trayecto": "ida", "creado": "2025-11-28T14:35:18.802Z"}}, {"model": "aerolinea.compra", "pk": 15, "fields": {"usuario": 1, "vuelo": 7, "codigo_reserva": "R-20251128143835-922", "metodo_pago": "Tarjeta CrÚdito", "estado": "activa", "monto_base": "350000.00", "recargo_clase": "0.00", "costo_maleta": "0.00", "monto_total": "350000.00", "reserva": 17, "fecha_compra": "2025-11-28T14:38:35.777Z", "vuelo_regreso": null, "tipo_trayecto": "ida", "creado": "2025-11-28T14:38:35.777Z"}}, {"model": "aerolinea.checkin", "pk": 1, "fields": {"compra": 5, "asiento": "19D", "pase_abordar": "", "pasajero": null, "fecha_checkin": "2025-11-28T01:44:36.927Z"}}, {"model": "aerolinea.checkin", "pk": 2, "fields": {"compra": 8, "asiento": "23A", "pase_abordar": "", "pasajero": null, "fecha_checkin": "2025-11-28T01:44:36.927Z"}}, {"model": "aerolinea.checkin", "pk": 3, "fields": {"compra": 14, "asiento": "9C", "pase_abordar": "", "pasajero": 10, "fecha_checkin": "2025-11-28T14:35:52.635Z"}}, {"model": "aerolinea.maleta", "pk": 1, "fields": {"checkin": 1, "peso": "0.50", "costo": "20000.00"}}, {"model": "aerolinea.maleta", "pk": 2, "fields": {"checkin": 2, "peso": "23.00", "costo": "50000.00"}}, {"model": "aerolinea.maleta", "pk": 3, "fields": {"checkin": 3, "peso": "22.00", "costo": "50000.00"}}, {"model": "aerolinea.tarjeta", "pk": 5, "fields": {"estado": "activa", "usuario": ["karencita22"], "tipo": "CrÚdito", "numero": "1234567899876543", "nombre_titular": "", "fecha_vencimiento": "2028-11-30", "cvv": "", "saldo": "18930000.00"}}, {"model": "aerolinea.tarjeta", "pk": 6, "fields": {"estado": "activa", "usuario": ["Daniela_08"], "tipo": "DÚbito", "numero": "1234567891012345", "nombre_titular": "", "fecha_vencimiento": "2026-06-30", "cvv": "", "saldo": "5000000.00"}}, {"model": "aerolinea.tarjeta", "pk": 7, "fields": {"estado": "activa", "usuario": ["Daniela_08"], "tipo": "CrÚdito", "numero": "1275278902234567", "nombre_titular": "", "fecha_vencimiento": "2028-02-23", "cvv": "", "saldo": "47000000.00"}}, {"model": "aerolinea.carrito", "pk": 1, "fields": {"usuario": 1, "creado_en": "2025-10-28T22:53:29.156Z"}}, {"model": "aerolinea.carrito", "pk": 2, "fields": {"usuario": 11, "creado_en": "2025-10-30T03:26:16.676Z"}}, {"model": "aerolinea.carrito", "pk": 3, "fields": {"usuario": 15, "creado_en": "2025-11-28T03:37:25.919Z"}}]
